date,temperature_mean_c
2024-01-01,0.7
2024-01-02,1.0
2024-01-03,-0.2
2024-01-04,-0.6
2024-01-05,2.6
2024-01-06,-1.9
2024-01-07,-5.5
2024-01-08,-6.1
2024-01-09,-1.2
2024-01-10,-2.8
2024-01-11,-1.4
2024-01-12,-2.1
2024-01-13,-2.9
2024-01-14,-2.1
2024-01-15,-5.0
2024-01-16,-3.9
2024-01-17,-1.6
2024-01-18,2.7
2024-01-19,3.2
2024-01-20,1.7
2024-01-21,0.6
2024-01-22,-8.6
2024-01-23,-12.3
2024-01-24,-8.9
2024-01-25,-6.0
2024-01-26,-3.6
2024-01-27,-2.4
2024-01-28,-3.1
2024-01-29,-2.4
2024-01-30,-0.6
2024-01-31,1.6
2024-02-01,0.1
2024-02-02,1.0
2024-02-03,1.4
2024-02-04,4.1
2024-02-05,1.4
2024-02-06,0.5
2024-02-07,-1.4
2024-02-08,-1.7
2024-02-09,-1.2
2024-02-10,-0.9
2024-02-11,-1.7
2024-02-12,0.1
2024-02-13,5.6
2024-02-14,9.3
2024-02-15,4.4
2024-02-16,-0.1
2024-02-17,1.2
2024-02-18,4.0
2024-02-19,8.8
2024-02-20,2.8
2024-02-21,1.7
2024-02-22,-0.6
2024-02-23,0.6
2024-02-24,0.6
2024-02-25,1.7
2024-02-26,1.8
2024-02-27,2.2
2024-02-28,3.9
2024-02-29,2.8
2024-03-01,-4.9
2024-03-02,-2.0
2024-03-03,1.6
2024-03-04,2.1
2024-03-05,5.3
2024-03-06,4.0
2024-03-07,2.6
2024-03-08,0.1
2024-03-09,-0.6
2024-03-10,1.7
2024-03-11,3.8
2024-03-12,4.6
2024-03-13,3.6
2024-03-14,5.0
2024-03-15,5.3
2024-03-16,7.5
2024-03-17,7.0
2024-03-18,4.0
2024-03-19,5.3
2024-03-20,3.2
2024-03-21,3.0
2024-03-22,7.8
2024-03-23,10.5
2024-03-24,11.9
2024-03-25,8.7
2024-03-26,6.1
2024-03-27,7.6
2024-03-28,8.8
2024-03-29,7.1
2024-03-30,6.4
2024-03-31,7.2
2024-04-01,8.9
2024-04-02,11.6
2024-04-03,12.6
2024-04-04,12.9
2024-04-05,11.8
2024-04-06,9.8
2024-04-07,11.8
2024-04-08,13.3
2024-04-09,12.2
2024-04-10,11.7
2024-04-11,12.8
2024-04-12,14.1
2024-04-13,16.1
2024-04-14,18.0
2024-04-15,14.9
2024-04-16,11.6
2024-04-17,11.9
2024-04-18,14.7
2024-04-19,14.4
2024-04-20,13.1
2024-04-21,15.8
2024-04-22,16.9
2024-04-23,15.5
2024-04-24,12.8
2024-04-25,12.7
2024-04-26,15.1
2024-04-27,15.5
2024-04-28,17.5
2024-04-29,18.0
2024-04-30,16.0
2024-05-01,16.3
2024-05-02,16.1
2024-05-03,17.4
2024-05-04,19.1
2024-05-05,17.2
2024-05-06,13.7
2024-05-07,13.1
2024-05-08,13.3
2024-05-09,14.0
2024-05-10,15.1
2024-05-11,15.8
2024-05-12,15.2
2024-05-13,16.0
2024-05-14,16.1
2024-05-15,12.3
2024-05-16,11.6
2024-05-17,15.0
2024-05-18,17.5
2024-05-19,18.1
2024-05-20,17.5
2024-05-21,18.9
2024-05-22,17.8
2024-05-23,17.6
2024-05-24,18.8
2024-05-25,19.9
2024-05-26,18.5
2024-05-27,17.6
2024-05-28,17.8
2024-05-29,18.8
2024-05-30,18.7
2024-05-31,18.7
2024-06-01,19.7
2024-06-02,19.0
2024-06-03,20.6
2024-06-04,21.2
2024-06-05,22.4
2024-06-06,22.5
2024-06-07,21.0
2024-06-08,19.4
2024-06-09,20.8
2024-06-10,22.4
2024-06-11,23.0
2024-06-12,23.2
2024-06-13,24.6
2024-06-14,24.9
2024-06-15,22.7
2024-06-16,22.3
2024-06-17,22.3
2024-06-18,23.5
2024-06-19,26.2
2024-06-20,27.2
2024-06-21,26.4
2024-06-22,23.3
2024-06-23,24.0
2024-06-24,22.6
2024-06-25,20.9
2024-06-26,22.2
2024-06-27,24.5
2024-06-28,24.5
2024-06-29,25.4
2024-06-30,22.9
2024-07-01,24.1
2024-07-02,23.1
2024-07-03,24.1
2024-07-04,24.9
2024-07-05,23.1
2024-07-06,24.3
2024-07-07,23.4
2024-07-08,23.1
2024-07-09,23.2
2024-07-10,25.5
2024-07-11,23.6
2024-07-12,24.4
2024-07-13,25.8
2024-07-14,25.9
2024-07-15,26.4
2024-07-16,25.5
2024-07-17,24.7
2024-07-18,24.4
2024-07-19,25.2
2024-07-20,25.3
2024-07-21,25.5
2024-07-22,26.1
2024-07-23,24.9
2024-07-24,25.9
2024-07-25,27.2
2024-07-26,27.4
2024-07-27,27.0
2024-07-28,28.0
2024-07-29,26.6
2024-07-30,26.8
2024-07-31,27.4
2024-08-01,28.1
2024-08-02,27.4
2024-08-03,27.8
2024-08-04,28.9
2024-08-05,28.1
2024-08-06,27.7
2024-08-07,27.2
2024-08-08,26.4
2024-08-09,27.2
2024-08-10,27.8
2024-08-11,28.5
2024-08-12,29.0
2024-08-13,28.8
2024-08-14,28.4
2024-08-15,28.0
2024-08-16,28.2
2024-08-17,28.1
2024-08-18,27.1
2024-08-19,27.8
2024-08-20,28.8
2024-08-21,26.4
2024-08-22,27.4
2024-08-23,26.3
2024-08-24,25.8
2024-08-25,26.8
2024-08-26,26.4
2024-08-27,24.2
2024-08-28,26.1
2024-08-29,26.0
2024-08-30,26.0
2024-08-31,24.7
2024-09-01,24.5
2024-09-02,22.7
2024-09-03,24.2
2024-09-04,24.6
2024-09-05,24.8
2024-09-06,23.7
2024-09-07,24.3
2024-09-08,24.6
2024-09-09,26.4
2024-09-10,27.0
2024-09-11,26.9
2024-09-12,24.7
2024-09-13,24.9
2024-09-14,25.8
2024-09-15,25.3
2024-09-16,25.4
2024-09-17,27.2
2024-09-18,26.6
2024-09-19,26.4
2024-09-20,24.2
2024-09-21,19.0
2024-09-22,19.9
2024-09-23,18.8
2024-09-24,18.2
2024-09-25,20.7
2024-09-26,21.3
2024-09-27,21.0
2024-09-28,21.3
2024-09-29,21.4
2024-09-30,20.3
2024-10-01,17.2
2024-10-02,12.9
2024-10-03,13.6
2024-10-04,14.4
2024-10-05,14.4
2024-10-06,13.3
2024-10-07,15.5
2024-10-08,15.5
2024-10-09,16.5
2024-10-10,16.5
2024-10-11,15.8
2024-10-12,15.1
2024-10-13,15.8
2024-10-14,17.7
2024-10-15,17.4
2024-10-16,15.6
2024-10-17,16.5
2024-10-18,16.1
2024-10-19,15.7
2024-10-20,12.1
2024-10-21,12.4
2024-10-22,14.9
2024-10-23,11.9
2024-10-24,10.6
2024-10-25,11.9
2024-10-26,14.7
2024-10-27,14.5
2024-10-28,14.0
2024-10-29,13.1
2024-10-30,13.3
2024-10-31,12.7
2024-11-01,12.6
2024-11-02,15.6
2024-11-03,14.6
2024-11-04,13.3
2024-11-05,8.1
2024-11-06,5.3
2024-11-07,5.0
2024-11-08,6.5
2024-11-09,9.7
2024-11-10,10.9
2024-11-11,12.0
2024-11-12,11.3
2024-11-13,11.7
2024-11-14,12.6
2024-11-15,14.1
2024-11-16,15.4
2024-11-17,6.8
2024-11-18,1.7
2024-11-19,2.4
2024-11-20,4.8
2024-11-21,7.4
2024-11-22,5.2
2024-11-23,4.2
2024-11-24,5.4
2024-11-25,8.0
2024-11-26,6.7
2024-11-27,-0.7
2024-11-28,-1.9
2024-11-29,-2.8
2024-11-30,0.0
2024-12-01,1.1
2024-12-02,5.4
2024-12-03,-1.1
2024-12-04,0.3
2024-12-05,1.4
2024-12-06,0.1
2024-12-07,-1.7
2024-12-08,-2.0
2024-12-09,-1.2
2024-12-10,0.3
2024-12-11,0.4
2024-12-12,-1.5
2024-12-13,-0.5
2024-12-14,-2.3
2024-12-15,-0.1
2024-12-16,-1.3
2024-12-17,-2.0
2024-12-18,-4.3
2024-12-19,-3.2
2024-12-20,-0.8
2024-12-21,-1.5
2024-12-22,-5.9
2024-12-23,-3.5
2024-12-24,-2.9
2024-12-25,-0.1
2024-12-26,-1.5
2024-12-27,-3.5
2024-12-28,-3.9
2024-12-29,-1.4
2024-12-30,3.2
2024-12-31,-1.1
2025-01-01,0.7
2025-01-02,-1.1
2025-01-03,-2.6
2025-01-04,-1.9
2025-01-05,0.5
2025-01-06,-1.6
2025-01-07,-4.6
2025-01-08,-4.2
2025-01-09,-10.6
2025-01-10,-8.7
2025-01-11,-6.3
2025-01-12,-3.8
2025-01-13,-1.2
2025-01-14,0.9
2025-01-15,-4.3
2025-01-16,-1.6
2025-01-17,-2.7
2025-01-18,-1.0
2025-01-19,0.7
2025-01-20,1.4
2025-01-21,0.1
2025-01-22,0.8
2025-01-23,-0.6
2025-01-24,0.6
2025-01-25,2.6
2025-01-26,2.1
2025-01-27,-0.8
2025-01-28,-5.4
2025-01-29,-6.7
2025-01-30,-5.1
2025-01-31,-1.9
2025-02-01,0.3
2025-02-02,0.0
2025-02-03,-5.4
2025-02-04,-10.2
2025-02-05,-9.1
2025-02-06,-6.5
2025-02-07,-9.7
2025-02-08,-9.0
2025-02-09,-6.7
2025-02-10,-5.1
2025-02-11,-2.1
2025-02-12,-0.4
2025-02-13,-1.3
2025-02-14,1.6
2025-02-15,1.2
2025-02-16,2.4
2025-02-17,-1.6
2025-02-18,-3.0
2025-02-19,-3.8
2025-02-20,-3.4
2025-02-21,-3.2
2025-02-22,-3.0
2025-02-23,-3.9
2025-02-24,-2.1
2025-02-25,1.1
2025-02-26,1.4
2025-02-27,2.9
2025-02-28,4.5
2025-03-01,3.9
2025-03-02,5.2
2025-03-03,1.5
2025-03-04,1.1
2025-03-05,2.9
2025-03-06,3.1
2025-03-07,2.7
2025-03-08,4.1
2025-03-09,3.9
2025-03-10,5.1
2025-03-11,6.2
2025-03-12,6.8
2025-03-13,7.2
2025-03-14,10.0
2025-03-15,9.6
2025-03-16,4.4
2025-03-17,0.9
2025-03-18,0.8
2025-03-19,0.7
2025-03-20,5.2
2025-03-21,8.4
2025-03-22,10.1
2025-03-23,12.1
2025-03-24,12.8
2025-03-25,10.7
2025-03-26,13.0
2025-03-27,13.0
2025-03-28,6.2
2025-03-29,2.2
2025-03-30,1.8
2025-03-31,5.2
2025-04-01,8.0
2025-04-02,7.0
2025-04-03,8.0
2025-04-04,9.2
2025-04-05,7.1
2025-04-06,8.2
2025-04-07,10.8
2025-04-08,12.0
2025-04-09,10.6
2025-04-10,11.6
2025-04-11,14.4
2025-04-12,13.7
2025-04-13,4.1
2025-04-14,4.5
2025-04-15,6.2
2025-04-16,11.7
2025-04-17,17.1
2025-04-18,16.0
2025-04-19,13.6
2025-04-20,15.1
2025-04-21,17.9
2025-04-22,16.5
2025-04-23,14.9
2025-04-24,12.7
2025-04-25,10.6
2025-04-26,11.4
2025-04-27,12.5
2025-04-28,12.7
2025-04-29,12.2
2025-04-30,15.6
2025-05-01,13.0
2025-05-02,12.2
2025-05-03,10.5
2025-05-04,12.1
2025-05-05,10.8
2025-05-06,12.7
2025-05-07,13.0
2025-05-08,15.3
2025-05-09,14.2
2025-05-10,12.4
2025-05-11,13.6
2025-05-12,15.2
2025-05-13,18.0
2025-05-14,18.9
2025-05-15,18.2
2025-05-16,18.3
2025-05-17,17.5
2025-05-18,14.1
2025-05-19,15.1
2025-05-20,20.5
2025-05-21,23.5
2025-05-22,21.9
2025-05-23,19.6
2025-05-24,15.2
2025-05-25,16.0
2025-05-26,18.6
2025-05-27,19.9
2025-05-28,19.4
2025-05-29,20.6
2025-05-30,22.6
2025-05-31,22.1
2025-06-01,22.6
2025-06-02,20.8
2025-06-03,20.7
2025-06-04,20.3
2025-06-05,21.3
2025-06-06,23.5
2025-06-07,22.9
2025-06-08,24.6
2025-06-09,23.4
2025-06-10,21.2
2025-06-11,22.0
2025-06-12,25.1
2025-06-13,23.9
2025-06-14,25.1
2025-06-15,25.4
2025-06-16,22.7
2025-06-17,23.6
2025-06-18,24.6
2025-06-19,26.9
2025-06-20,23.0
2025-06-21,21.2
2025-06-22,21.4
2025-06-23,23.5
2025-06-24,24.0
2025-06-25,20.9
2025-06-26,21.8
2025-06-27,23.1
2025-06-28,24.8
2025-06-29,25.8
2025-06-30,26.3
2025-07-01,26.3
2025-07-02,26.1
2025-07-03,26.5
2025-07-04,26.0
2025-07-05,26.8
2025-07-06,27.2
2025-07-07,27.9
2025-07-08,30.0
2025-07-09,30.8
2025-07-10,30.7
2025-07-11,29.4
2025-07-12,30.3
2025-07-13,27.3
2025-07-14,23.7
2025-07-15,22.2
2025-07-16,22.4
2025-07-17,23.4
2025-07-18,24.0
2025-07-19,23.8
2025-07-20,26.5
2025-07-21,26.9
2025-07-22,26.9
2025-07-23,27.3
2025-07-24,27.9
2025-07-25,29.8
2025-07-26,32.1
2025-07-27,32.8
2025-07-28,31.9
2025-07-29,32.5
2025-07-30,32.2
2025-07-31,31.7
2025-08-01,31.3
2025-08-02,31.2
2025-08-03,30.0
2025-08-04,26.9
2025-08-05,27.0
2025-08-06,25.8
2025-08-07,26.3
2025-08-08,25.6
2025-08-09,24.3
2025-08-10,25.6
2025-08-11,25.4
2025-08-12,26.6
2025-08-13,24.7
2025-08-14,24.9
2025-08-15,26.4
2025-08-16,26.9
2025-08-17,26.6
2025-08-18,27.2
2025-08-19,27.4
2025-08-20,27.4
2025-08-21,28.2
2025-08-22,28.1
2025-08-23,29.0
2025-08-24,30.0
2025-08-25,28.5
2025-08-26,25.9
2025-08-27,25.8
2025-08-28,26.5
2025-08-29,27.1
2025-08-30,26.8
2025-08-31,26.4
2025-09-01,24.8
2025-09-02,24.2
2025-09-03,25.7
2025-09-04,24.7
2025-09-05,26.2
2025-09-06,25.7
2025-09-07,24.1
2025-09-08,23.1
2025-09-09,23.1
2025-09-10,23.3
2025-09-11,23.9
2025-09-12,22.5
2025-09-13,22.6
2025-09-14,23.3
2025-09-15,24.0
2025-09-16,23.3
2025-09-17,22.1
2025-09-18,21.2
2025-09-19,18.8
2025-09-20,19.1
2025-09-21,20.1
2025-09-22,19.6
2025-09-23,20.6
2025-09-24,20.8
2025-09-25,21.5
2025-09-26,20.4
2025-09-27,21.4
2025-09-28,20.1
2025-09-29,19.2
2025-09-30,18.7
2025-10-01,18.8
2025-10-02,20.4
2025-10-03,20.4
2025-10-04,21.0
2025-10-05,20.6
2025-10-06,18.0
2025-10-07,18.3
2025-10-08,20.4
2025-10-09,19.1
2025-10-10,17.0
2025-10-11,20.0
2025-10-12,18.3
2025-10-13,15.8
2025-10-14,16.5
2025-10-15,18.8
2025-10-16,19.4
2025-10-17,18.5
2025-10-18,15.6
2025-10-19,14.0
2025-10-20,9.3
2025-10-21,8.5
2025-10-22,11.4
2025-10-23,13.9
2025-10-24,14.4
2025-10-25,13.2
2025-10-26,12.1
2025-10-27,6.6
2025-10-28,6.4
2025-10-29,9.2
2025-10-30,10.6
2025-10-31,12.8
2025-11-01,11.7
2025-11-02,7.5
2025-11-03,5.0
2025-11-04,7.8
2025-11-05,9.5
2025-11-06,10.6
2025-11-07,11.7
2025-11-08,12.2
2025-11-09,11.7
2025-11-10,7.4
2025-11-11,7.4
2025-11-12,8.6
2025-11-13,9.4
2025-11-14,7.3
2025-11-15,7.4
2025-11-16,9.4
2025-11-17,3.2
2025-11-18,0.6
2025-11-19,1.4
2025-11-20,5.7
2025-11-21,5.7
2025-11-22,7.6
2025-11-23,9.0
2025-11-24,10.9
2025-11-25,6.6
2025-11-26,4.7
2025-11-27,4.5
2025-11-28,1.2
2025-11-29,3.8
2025-11-30,10.1
2025-12-01,4.7
2025-12-02,-1.0
2025-12-03,-6.8
2025-12-04,-5.3
2025-12-05,-5.4
2025-12-06,0.3
2025-12-07,4.3
2025-12-08,1.1
2025-12-09,0.3
2025-12-10,2.5
2025-12-11,2.5
2025-12-12,-0.1
2025-12-13,0.9
2025-12-14,-1.0
2025-12-15,-0.6
2025-12-16,1.0
2025-12-17,1.5
2025-12-18,-0.2
2025-12-19,1.2
2025-12-20,5.3
2025-12-21,-2.4
2025-12-22,-2.6
2025-12-23,0.2
2025-12-24,0.5
2025-12-25,-4.5
2025-12-26,-9.3
2025-12-27,-4.2
2025-12-28,0.6
2025-12-29,3.1
2025-12-30,-1.9
2025-12-31,-6.1
